Company,TypeName,Inches,ScreenResolution,Cpu,Ram,Memory,Gpu,OpSys,Weight,Price
4,4,13.3,35,106,16,29,61,5,1.2,99580.32
4,3,15.6,8,83,8,16,6,5,2.13,38787.84
0,1,17.3,15,102,16,18,80,5,4.2,138474.72
10,4,15.6,8,97,6,16,65,5,1.54,44275.68
2,4,15.6,8,74,8,16,72,5,1.7,52054.56
10,0,13.3,13,97,8,29,53,5,1.37,104961.6
2,1,15.6,8,102,16,18,80,5,2.2,130482.72
4,4,13.3,31,71,8,16,47,2,1.23,58554.72
4,3,15.6,0,35,4,26,41,5,1.8,16463.52
0,3,15.6,0,11,4,26,17,5,2.4,20619.36
4,3,15.6,0,97,12,10,53,5,2.3,37992.3696
0,3,15.6,13,97,12,10,53,5,2.15,35111.52
10,3,14.0,0,40,4,7,41,1,1.5,17316.0
10,1,15.6,15,102,8,5,75,5,2.5,55837.44
10,4,12.5,30,47,8,29,46,5,0.99,74538.72
4,3,15.6,5,102,16,12,75,5,2.06,127818.72
15,3,15.6,8,102,16,5,75,5,2.5,90522.72
7,3,13.3,8,59,4,4,53,5,1.49,38308.32
10,3,15.6,8,97,8,10,66,4,2.2,36496.8
18,3,15.6,15,83,8,16,98,4,1.95,63882.72
2,1,17.3,8,25,8,18,37,5,3.2,90309.6
0,3,15.6,0,113,4,26,44,5,2.4,20246.4
7,3,17.3,8,74,8,16,69,5,2.63,57542.4
7,3,15.6,0,74,8,16,53,5,1.91,30849.12
10,3,15.6,15,89,8,10,72,5,2.2,35644.32
0,3,15.6,8,106,2,10,98,5,2.2,36709.92
4,3,15.6,0,56,4,10,24,5,2.2,29073.2976
11,1,17.3,8,102,16,18,80,5,3.78,133146.72
10,3,17.3,2,8,8,10,15,5,2.8,27652.32
16,4,13.3,7,97,32,29,53,5,1.05,149130.72
7,1,17.3,15,70,8,5,90,5,2.75,74538.72
7,3,15.6,8,10,4,16,6,5,1.91,25515.2592
10,1,15.6,15,102,8,10,79,5,3.2,69210.72
1,4,11.6,0,62,4,15,51,3,1.08,51095.52
2,0,15.6,7,97,12,33,74,5,2.26,58554.72
4,3,17.3,8,106,8,5,7,2,2.8,58554.72
10,3,14.0,15,60,8,16,53,4,1.7,31914.72
0,3,15.6,8,97,4,26,72,5,2.2,34045.92
16,3,15.6,0,68,4,26,47,5,2.1,41558.4
7,0,13.3,39,91,8,16,47,5,1.48,95850.72
7,3,15.6,0,74,8,4,53,5,1.91,31381.92
0,3,15.6,9,83,12,10,97,5,2.2,36975.7872
4,3,15.6,8,74,4,26,24,5,2.3,31168.8
16,4,14.0,0,74,4,4,53,5,1.25,58075.2
16,4,13.3,7,89,16,29,47,5,1.36,100006.56
7,4,15.6,8,97,8,16,53,5,1.84,40066.56
6,4,12.3,38,82,8,16,52,1,1.1,83063.52
0,3,15.6,0,1,8,10,34,5,2.2,30849.12
10,0,14.0,39,97,16,29,53,5,1.42,133679.52
7,4,15.6,15,106,8,16,85,5,1.83,37242.72
7,3,15.6,0,97,8,10,53,5,2.05,31861.44
2,1,17.3,15,92,16,18,80,5,4.3,125208.0
0,3,15.6,0,56,4,26,47,5,2.4,21887.424
10,0,15.6,13,89,4,16,47,5,1.8,45128.16
12,3,13.3,15,41,4,25,43,5,1.2,19660.32
1,4,13.3,23,66,8,29,57,8,1.37,104370.192
11,1,15.6,6,102,16,20,79,5,1.8,122490.72
4,4,13.3,8,74,8,16,53,5,1.29,79866.72
16,3,13.3,0,68,8,16,47,5,1.5,64468.8
10,4,12.5,15,97,8,16,53,5,1.36,87912.0
16,3,15.6,0,68,4,26,47,5,2.1,32074.56
10,3,17.3,2,74,6,10,84,5,5.8,34578.72
4,3,15.6,8,97,16,22,30,5,2.32,52746.6672
7,4,12.5,11,47,8,29,46,5,0.97,107305.92
7,2,12.5,8,97,8,29,53,5,1.26,79014.24
4,4,13.3,8,97,8,16,53,5,1.29,77682.24
7,5,17.3,15,115,16,16,102,7,3.0,233845.92
7,3,15.6,0,8,4,16,16,5,1.86,19660.32
4,5,15.6,15,94,16,16,108,5,2.17,105228.0
7,3,15.6,8,59,4,26,53,5,2.04,36496.8
4,3,14.0,8,74,8,16,53,5,1.6,45767.52
16,4,13.3,8,89,16,29,47,5,1.2,93080.16
0,3,15.6,15,106,8,16,98,5,3.0,50669.28
10,3,15.6,8,56,4,10,47,5,1.85,23922.72
7,3,15.6,8,97,8,16,53,5,1.84,69477.12
10,3,15.6,8,56,4,10,67,5,2.2,30849.12
4,0,13.3,7,83,8,10,61,5,1.55,35111.52
10,5,15.6,8,102,8,29,101,5,2.67,102564.0
7,3,15.6,8,97,8,16,69,5,2.04,54291.7872
7,2,12.5,8,68,8,16,47,5,1.26,88924.32
10,4,12.5,15,97,8,16,53,5,1.36,84395.52
4,3,15.6,0,74,8,4,53,5,2.18,38041.3872
4,1,17.3,15,102,32,18,80,5,4.42,167778.72
4,3,13.3,0,56,4,26,47,5,1.65,45234.72
4,3,15.6,0,59,6,10,53,5,2.3,24455.52
4,1,15.6,8,92,16,10,88,5,2.59,46833.6528
7,4,13.3,13,97,8,16,53,5,1.11,71874.72
7,3,15.6,8,112,4,16,42,5,1.86,21258.1872
10,0,13.3,13,97,8,16,53,5,1.37,93635.3376
10,3,15.6,8,56,4,4,47,5,2.2,26586.72
10,3,35.6,0,21,4,4,13,5,2.2,18594.72
16,3,15.6,15,74,8,16,53,5,2.0,50243.04
4,5,15.6,15,94,8,16,101,5,2.0,113752.8
11,1,17.3,8,102,8,5,76,5,2.7,71847.0144
10,3,15.6,8,74,6,16,66,5,2.4,37029.6
0,3,15.6,8,59,4,10,53,5,2.4,26586.72
2,3,15.6,8,56,4,10,53,2,2.0,20725.92
2,3,14.0,0,20,2,23,12,5,1.65,10602.72
2,1,17.3,8,102,16,18,93,5,4.3,95850.72
2,3,15.6,0,113,4,10,44,2,2.0,21258.1872
10,3,14.0,15,83,8,16,35,5,1.75,59461.5456
7,3,14.0,8,97,8,16,53,5,1.48,68837.76
7,3,13.3,32,109,4,23,46,1,1.29,32767.2
10,3,15.6,15,70,4,10,86,5,2.3,52054.56
10,3,17.3,2,11,4,4,17,5,2.6,26053.92
10,3,15.6,0,54,4,10,47,4,1.9,18061.92
7,3,15.6,8,12,6,1,29,5,2.04,29303.4672
10,3,15.6,0,113,4,10,44,5,2.2,16463.52
1,4,15.4,25,85,16,29,9,8,1.83,135195.336
4,4,13.3,15,83,8,16,61,5,1.21,86793.12
7,3,15.6,0,74,4,26,6,5,1.86,32639.8608
10,0,14.0,13,89,8,16,47,5,1.8,88924.32
2,1,15.6,8,102,8,5,75,5,1.99,71928.0
4,4,12.5,7,74,8,16,40,5,1.36,78438.816
10,4,12.5,15,78,8,16,53,5,1.36,93772.8
7,5,15.6,8,92,8,16,100,7,2.0,101178.72
6,4,12.3,38,105,16,29,52,1,1.1,117162.72
0,3,15.6,0,4,8,16,34,5,2.2,35111.52
0,3,15.6,0,11,8,10,17,5,2.4,23922.72
4,3,15.6,5,102,32,12,75,5,2.06,140605.92
12,3,14.0,8,30,4,25,40,5,1.4,13266.72
7,3,15.6,8,15,6,5,6,5,2.1,34632.0
0,3,15.6,0,14,4,26,17,5,2.1,21312.0
7,4,13.3,15,97,8,16,98,5,1.38,59620.32
4,3,15.6,0,74,8,10,30,2,2.32,31409.6256
4,3,15.6,0,78,8,26,53,5,1.9,53733.9456
12,3,13.3,15,30,4,23,40,5,1.35,13586.4
7,3,15.6,0,68,4,26,47,4,2.1,25414.0272
10,0,13.3,19,90,16,12,56,5,1.3,95850.72
7,3,15.6,0,74,4,26,53,4,1.96,26586.72
2,1,17.3,8,92,8,5,89,5,3.52,69929.4672
2,4,13.3,15,45,8,29,46,5,1.2,38841.12
0,3,15.6,0,56,4,10,47,2,2.1,20779.2
4,3,15.6,5,77,8,16,75,5,2.06,93186.72
4,0,12.5,7,74,8,16,53,5,1.34,88977.6
10,3,15.6,8,68,8,10,21,4,2.32,31914.72
4,3,15.6,0,59,4,10,53,5,2.18,31254.048
2,1,17.3,8,102,12,10,76,2,3.0,50562.72
13,4,13.5,37,74,4,4,53,6,1.252,58021.92
10,3,15.6,0,74,4,10,53,4,1.9,26101.872
4,3,15.6,8,83,8,16,6,2,2.2,36089.208
1,4,15.4,25,86,16,16,10,8,1.83,130001.6016
0,3,14.0,0,36,2,23,41,1,1.68,17582.4
7,2,12.5,0,78,8,16,53,5,1.26,74005.92
7,3,15.6,8,56,4,10,47,5,1.86,24988.32
10,3,15.6,36,106,12,10,53,5,2.2,32447.52
10,3,15.6,8,56,4,10,24,4,2.2,25521.12
11,1,15.6,15,97,8,10,75,5,2.2,44701.92
10,3,15.6,8,97,8,10,72,4,2.2,37775.52
16,4,13.3,8,97,16,29,53,5,1.05,118601.28
7,4,14.0,4,89,8,16,47,7,1.54,117119.5632
4,3,15.6,8,83,4,16,7,5,2.2,39906.72
7,3,14.0,8,68,4,26,47,7,1.54,54931.1472
10,3,14.0,8,68,8,16,47,5,1.7,63190.08
10,3,17.3,2,74,8,10,53,4,2.8,28717.92
10,3,14.0,15,60,4,4,53,5,1.7,31914.72
14,1,14.0,8,102,16,16,79,5,1.95,138474.72
10,1,15.6,15,77,8,5,79,4,2.4,52693.92
10,3,15.6,8,74,6,16,53,5,2.2,30849.12
10,3,14.0,15,97,8,29,31,4,1.5,42570.72
4,0,13.3,7,106,8,16,61,5,1.62,46300.8528
7,3,15.6,36,74,8,10,53,5,2.04,29783.52
2,3,15.6,8,102,16,5,79,5,2.2,93186.72
10,3,15.6,8,68,4,26,47,5,2.2,28504.8
7,3,15.6,8,74,8,16,53,4,1.86,30636.0
1,4,15.4,25,84,16,15,60,3,2.04,114017.6016
10,5,15.6,12,99,16,12,107,5,2.5,175770.72
10,3,17.3,2,74,4,10,66,5,2.79,31381.92
17,3,13.3,8,27,4,23,41,5,1.35,10442.88
10,4,12.5,15,74,8,16,53,5,1.36,76137.12
10,3,17.3,15,102,8,16,109,5,3.4,159786.72
0,2,11.6,0,34,4,23,40,5,1.4,14332.32
10,3,15.6,0,37,4,4,43,4,1.9,14418.6336
4,1,17.3,15,102,16,18,79,5,4.42,130873.7952
4,4,13.3,7,83,8,16,61,5,1.42,98133.768
4,4,15.6,8,107,8,19,61,5,1.88,69157.44
4,3,15.6,0,56,4,26,47,5,2.29,26107.2
10,1,15.6,15,77,8,10,75,4,2.5,54185.76
0,3,15.6,0,74,4,16,53,5,2.1,31914.72
7,3,15.6,8,97,8,10,69,5,2.04,47952.0
2,1,17.3,15,92,16,5,93,5,4.3,122490.72
4,1,17.3,15,102,16,18,80,5,4.42,143802.72
4,3,15.6,8,97,4,16,22,5,2.18,39373.92
10,3,15.6,0,68,4,26,47,5,2.1,28771.2
4,3,17.3,8,83,8,5,7,5,2.8,57808.8
7,0,13.3,7,71,8,16,47,5,1.48,86793.12
10,0,14.0,7,97,16,29,53,5,1.38,93186.72
4,0,15.6,7,83,8,16,61,5,2.67,42570.72
2,1,17.3,8,102,16,18,80,5,2.9,113060.16
1,4,13.3,1,62,8,2,51,3,1.35,58554.72
4,4,15.6,8,107,16,32,61,5,1.88,85672.1088
10,3,15.6,8,106,8,16,61,5,2.17,47893.392
2,3,17.3,0,113,4,10,66,5,2.8,24828.48
7,4,12.5,8,97,8,16,53,5,1.26,71128.8
10,3,14.0,15,97,8,16,53,5,1.58,78854.4
11,1,17.3,8,92,8,16,90,5,2.6,85194.72
11,1,17.3,8,102,16,20,80,5,2.43,130482.72
10,0,13.3,13,97,8,29,53,5,1.37,107892.0
16,4,13.3,8,89,8,16,47,5,1.2,72620.64
0,3,15.6,0,14,4,16,17,5,2.1,24029.28
10,0,14.0,30,74,8,16,53,5,1.42,124142.4
2,1,15.6,8,102,24,29,96,5,2.24,158135.04
10,3,17.3,8,56,4,26,47,4,2.8,28185.12
2,1,15.6,8,102,8,10,75,5,2.2,50562.72
7,3,15.6,8,104,8,16,55,5,2.31,76030.56
7,4,12.5,5,47,8,14,46,5,1.09,165168.0
7,3,15.6,8,78,8,16,32,5,1.84,71874.72
16,4,14.0,7,97,16,29,53,5,1.24,99367.2
7,1,15.6,15,102,8,5,75,5,2.2,58554.72
10,3,14.0,0,74,4,26,53,5,2.02,52747.2
7,3,15.6,0,74,4,26,53,5,2.04,39533.76
4,4,13.3,31,97,16,12,53,5,1.2,120093.12
10,3,15.6,8,83,4,16,61,5,1.8,44169.12
10,4,14.0,15,97,16,29,53,5,1.14,130536.0
0,2,11.6,0,32,2,25,40,1,1.3,9270.72
4,3,15.6,0,54,4,10,23,2,2.18,24279.696
7,3,14.0,8,78,8,16,53,5,1.48,67559.04
7,4,12.5,8,68,4,26,47,5,1.26,84129.12
7,3,15.6,8,12,6,1,29,5,2.04,29303.4672
0,3,15.6,0,74,6,10,53,5,8.23,29250.72
4,1,15.6,6,92,16,18,91,5,3.21,70809.12
4,4,13.3,32,89,8,16,47,5,1.3,67559.04
16,3,13.3,15,74,8,16,53,5,1.05,89084.16
7,5,15.6,15,94,8,38,100,5,2.0,119826.72
10,1,15.6,15,92,8,5,88,5,2.6,67772.16
4,4,13.3,8,98,8,16,58,5,1.23,73473.12
10,3,15.6,8,74,8,16,53,5,2.3,44222.4
7,3,13.3,8,68,8,16,47,5,1.16,90043.2
2,3,14.0,8,83,8,16,61,5,1.4,50136.48
4,3,14.0,8,79,8,16,69,5,1.64,62817.12
7,3,15.6,0,89,6,10,21,5,2.19,40705.92
0,0,13.3,13,83,8,16,61,5,1.5,45128.16
2,3,13.3,32,74,8,16,53,5,1.4,61272.0
10,3,15.6,8,68,8,16,47,5,2.3,71874.72
7,3,15.6,8,74,8,10,53,5,1.86,34045.92
10,3,15.6,0,68,4,4,47,5,2.1,26267.04
0,3,15.6,0,32,2,8,40,1,2.19,10602.72
7,3,15.6,8,68,4,26,47,7,2.31,50083.2
7,4,13.3,15,97,8,29,53,5,1.34,70489.44
0,3,15.6,0,14,4,4,17,5,2.1,22697.28
10,0,14.0,7,68,4,4,47,5,1.8,44382.7728
12,3,14.0,8,30,2,23,40,5,1.4,12733.92
16,4,12.5,7,97,8,29,53,5,1.1,95371.2
7,3,15.6,8,97,8,16,53,5,1.84,64948.32
10,1,15.6,15,102,8,18,79,5,3.2,74538.72
4,3,15.6,0,78,4,26,53,5,1.93,51095.52
10,3,14.0,15,78,8,16,53,5,1.32,87912.0
0,4,13.3,15,81,8,16,52,5,1.12,52693.92
10,3,13.3,15,74,8,16,53,5,1.44,51148.8
4,4,13.3,31,106,8,16,61,5,1.2,74538.72
7,3,14.0,9,83,4,26,61,5,1.63,38468.16
2,1,15.6,15,102,8,5,79,5,2.3,88178.4
7,0,13.3,11,106,8,29,61,5,1.29,106506.72
7,3,13.3,15,83,4,26,61,5,1.49,35964.0
10,1,15.6,15,102,8,5,79,5,2.5,63349.92
7,3,13.3,15,74,8,16,53,5,1.11,61218.72
2,0,15.6,5,97,16,33,86,5,2.3,95850.72
10,3,15.6,8,74,8,16,53,4,2.2,29250.72
16,3,15.6,15,89,8,16,47,5,2.2,74538.72
7,3,15.6,0,36,4,10,41,4,1.86,15392.592
4,3,15.6,0,56,8,16,47,5,2.0,35431.2
4,0,15.6,7,97,16,29,53,5,2.09,62817.12
4,1,15.6,8,102,16,18,76,5,2.62,78801.12
10,3,15.6,8,56,4,10,67,5,2.2,24935.04
4,3,17.3,8,106,8,5,7,5,2.8,57808.8
10,1,15.6,15,102,8,16,77,4,2.4,46300.32
10,3,15.6,8,5,6,16,7,5,2.2,31838.5296
10,3,15.6,8,8,4,4,5,5,2.2,21258.72
10,3,15.6,8,97,6,16,72,5,2.2,42037.92
0,1,15.6,8,77,16,16,76,5,2.5,69210.72
4,0,15.6,13,76,8,16,53,5,2.3,58288.32
7,3,17.3,15,74,6,22,6,5,2.71,37242.72
7,3,17.3,15,106,16,10,98,5,2.9,56423.52
10,3,13.3,0,33,4,7,45,1,1.45,24503.472
11,1,17.3,8,94,16,18,93,5,3.78,127818.72
10,3,15.6,15,97,8,29,53,5,1.99,92121.12
10,1,15.6,15,102,16,20,76,5,2.4,60153.12
7,3,15.6,8,97,8,16,7,5,1.91,38308.32
4,3,15.6,0,56,4,10,22,5,2.18,32921.712
4,1,15.6,8,77,8,10,75,5,2.56,43636.32
4,3,15.6,0,74,4,10,53,5,2.18,37725.4368
16,3,15.6,15,97,8,16,53,5,2.0,73952.64
2,3,15.6,8,74,8,3,53,5,2.3,31435.2
16,3,13.3,8,68,8,16,47,5,1.2,64628.64
11,1,15.6,8,92,16,5,91,5,1.91,114731.5536
11,1,15.6,15,102,16,18,80,5,2.8,111834.72
4,3,15.6,0,58,4,26,47,5,2.06,25679.8944
10,3,15.6,0,37,4,10,43,5,2.2,16303.68
10,0,13.9,13,97,8,16,53,5,1.38,57489.12
4,3,15.6,0,54,4,10,47,5,2.18,29762.208
10,3,15.6,8,68,8,1,21,5,2.5,42010.7472
4,3,15.6,8,83,8,5,7,5,2.33,44968.32
2,1,17.3,8,77,12,5,75,5,2.2,72988.272
11,1,15.6,8,92,16,18,79,5,2.94,96916.32
11,1,17.3,8,102,16,31,80,5,4.14,133146.72
15,4,15.0,8,97,16,16,72,5,1.23,98514.72
7,0,13.3,7,99,8,16,53,5,1.28,136343.52
0,3,14.0,0,56,8,10,47,5,2.1,20725.92
4,3,15.6,8,56,4,16,24,2,2.2,25840.8
10,1,17.3,15,92,16,5,93,5,4.6,122010.6672
1,4,13.3,1,62,8,15,51,3,1.35,53173.44
4,3,15.6,0,112,4,26,40,5,2.2,19660.32
0,3,15.6,8,56,4,10,72,5,2.23,28984.32
13,4,13.5,37,52,4,4,52,6,1.252,52693.92
16,3,13.3,8,68,8,16,47,7,1.2,77788.8
7,3,15.6,0,17,4,26,13,5,1.86,15824.16
10,4,14.0,8,97,16,29,53,5,1.7,122490.72
4,4,15.6,15,83,8,16,61,5,1.88,58403.4048
7,3,15.6,8,74,8,16,53,5,1.96,31914.1872
7,3,15.6,0,89,6,10,21,5,2.19,40705.92
4,1,15.6,15,102,16,5,76,5,2.65,71874.72
10,4,14.0,20,91,12,16,47,5,1.4,98994.24
10,3,15.6,8,97,4,10,53,5,1.85,41505.12
2,1,15.6,8,102,16,5,79,5,2.1,101178.72
11,1,15.6,8,77,8,16,75,5,2.2,54757.9872
13,4,13.5,37,99,8,16,58,6,1.252,99519.048
7,3,15.6,8,89,8,16,47,5,1.84,65480.5872
4,3,13.3,0,56,4,4,47,5,1.65,36709.92
4,3,15.6,0,74,8,10,30,5,2.5,41771.52
10,3,14.0,8,74,4,16,53,5,1.7,37242.72
11,1,15.6,8,102,8,5,75,5,2.2,61218.72
2,4,14.0,15,97,8,16,72,5,1.3,63563.04
4,3,15.6,0,54,4,10,47,2,2.25,19127.52
10,3,15.6,0,33,4,26,45,5,2.1,16943.04
2,4,15.6,8,102,16,29,76,5,1.8,105654.24
2,1,17.3,8,102,8,10,75,5,3.0,63243.36
7,3,14.0,0,59,4,26,53,5,1.64,36443.52
2,1,17.3,8,103,16,16,82,5,3.6,159786.72
10,1,15.6,15,102,16,18,79,5,3.2,79866.72
4,1,15.6,8,102,8,1,75,5,2.62,47898.72
7,2,11.6,0,36,2,23,41,5,1.17,11135.52
10,4,14.0,10,97,8,29,53,5,1.13,121584.96
10,3,15.6,8,74,8,16,72,4,2.2,33513.12
4,4,14.0,39,91,8,16,47,5,1.5,104587.5744
10,0,15.6,13,102,8,29,77,5,2.0,90522.72
2,1,17.3,15,92,16,5,91,5,4.0,101232.0
0,4,14.0,15,83,8,16,61,5,1.6,41025.6
0,2,11.6,0,36,4,4,41,5,1.4,23176.8
7,3,13.3,0,59,4,26,53,5,1.49,42624.0
10,0,15.6,13,102,8,16,55,5,2.0,69210.72
2,1,17.3,8,102,16,18,75,5,2.9,81465.12
2,3,14.0,8,37,4,23,43,5,1.5,15877.44
7,3,15.6,8,71,8,21,47,5,1.84,112065.9552
7,3,15.6,15,15,6,16,7,5,1.95,34578.72
6,4,12.3,38,82,8,4,52,1,1.1,67932.0
11,1,17.3,8,102,16,18,79,5,2.43,109165.392
4,1,15.6,8,102,16,29,75,5,2.56,66560.5728
2,2,11.6,0,37,2,23,43,5,1.1,13053.6
4,4,13.3,31,97,16,29,53,5,1.2,142790.4
7,3,17.3,2,56,8,10,47,5,2.65,28992.312
16,3,15.6,0,74,8,4,53,5,2.0,42251.04
10,3,15.6,8,89,8,1,21,7,2.32,47685.6
0,3,15.6,0,39,4,10,43,2,2.1,14492.16
4,3,15.6,0,34,2,26,40,5,2.2,20193.12
2,3,15.6,0,89,4,26,65,5,2.2,38378.6496
1,4,13.3,1,63,8,15,51,8,1.34,61735.536
4,4,13.3,31,83,8,16,61,5,1.23,99580.32
7,3,15.6,15,75,8,5,69,5,2.04,52161.12
7,4,14.0,15,97,8,16,53,5,1.36,93240.0
4,3,15.6,0,36,4,26,40,2,2.2,14646.672
15,4,13.3,8,74,8,16,53,5,0.81,79866.72
16,3,13.3,8,71,8,16,47,5,1.2,81784.8
7,3,17.3,8,106,8,10,70,5,2.5,54239.04
7,3,14.0,8,74,8,16,69,5,1.64,55904.5728
7,4,12.5,8,89,8,16,47,5,1.26,71874.72
15,4,15.0,8,97,8,16,53,5,1.17,90522.72
10,0,13.3,13,106,8,29,61,5,1.19,79866.72
0,0,11.6,27,36,4,23,41,1,1.25,20725.92
10,3,14.0,15,97,8,16,72,5,1.87,45767.52
0,3,15.6,0,74,4,26,53,5,2.23,32980.32
2,3,15.6,0,70,4,10,86,4,2.45,30849.12
16,4,13.3,0,68,8,16,47,5,1.2,58341.6
10,3,13.3,15,97,16,29,53,5,1.4,79866.72
7,5,15.6,15,104,8,29,53,5,2.31,81731.52
7,3,15.6,8,59,4,4,53,5,2.1,37589.04
4,3,15.6,8,97,16,16,30,2,2.36,47898.72
2,3,15.6,8,2,4,5,24,5,2.2,30636.0
2,3,14.0,0,37,4,23,43,5,1.5,14811.84
10,0,14.0,15,83,8,16,61,5,1.74,47898.72
7,3,14.0,8,83,8,16,53,5,1.63,45820.8
7,4,14.0,8,80,4,16,53,5,1.48,57648.96
7,5,17.3,8,102,8,26,101,5,3.14,101657.7072
4,3,15.6,0,54,4,10,23,5,2.18,32713.92
10,3,13.3,15,59,4,9,53,5,1.44,39160.8
10,3,15.6,8,74,4,10,66,4,2.2,26586.72
4,0,13.3,31,105,8,29,52,5,1.24,107257.968
10,0,15.6,11,102,16,29,75,5,2.0,101178.72
4,3,15.6,0,34,2,26,40,5,2.2,20193.12
7,4,13.3,15,97,8,16,53,5,1.32,74538.72
4,0,15.6,13,58,4,10,47,5,2.08,42410.3472
7,3,15.6,8,74,8,16,69,5,2.04,47365.92
11,1,15.6,8,77,8,5,75,5,2.2,59668.8048
4,3,14.0,8,78,8,16,53,5,1.36,76030.56
4,5,15.6,5,102,8,16,101,5,1.78,144495.36
1,4,13.3,23,65,8,4,58,8,1.37,71378.6832
2,1,17.3,15,26,16,18,37,5,3.25,117162.72
4,3,15.6,36,59,8,10,53,5,2.3,24988.8528
2,4,12.5,8,97,16,29,53,5,0.91,103896.0
11,1,17.3,12,92,16,33,79,5,2.43,141138.72
2,4,13.3,15,45,8,29,46,5,1.2,38841.12
0,3,14.0,15,74,8,16,53,5,1.56,48058.56
4,3,14.0,0,56,4,26,47,5,1.76,31168.8
10,3,15.6,8,74,8,5,4,5,1.9,43316.64
2,3,15.6,8,74,8,10,53,5,2.37,39906.72
4,3,15.6,0,74,8,10,30,5,2.36,34045.3872
4,3,15.6,0,74,12,10,53,5,2.25,34578.72
2,3,15.6,0,17,4,26,13,5,2.0,18594.72
4,1,15.6,8,77,8,16,79,5,2.65,63669.6
2,4,13.3,15,45,8,29,46,5,1.2,38841.12
10,1,15.6,15,77,8,16,75,4,2.4,41505.12
2,3,15.6,0,97,4,16,53,5,2.37,45282.672
4,3,15.6,8,106,8,20,7,5,2.02,60867.072
4,3,17.3,8,106,8,5,7,5,2.8,60845.76
4,3,15.6,8,106,8,16,7,5,2.2,46353.6
10,3,15.6,0,37,4,10,43,4,1.9,13445.7408
10,3,13.3,15,74,8,16,53,5,1.1,53226.72
2,3,17.3,0,113,4,10,66,5,2.8,25059.7152
7,3,15.6,8,74,8,16,53,5,1.84,60952.32
2,3,15.6,0,34,4,26,40,5,2.2,19660.32
9,4,14.0,13,97,8,29,53,5,0.98,101178.72
4,3,15.6,8,106,16,20,7,5,2.2,64961.1072
7,0,13.3,7,74,8,16,53,5,1.28,121318.56
10,2,11.6,9,41,4,4,43,5,1.59,29463.84
10,1,15.6,15,102,8,18,79,4,2.4,61218.72
4,0,15.6,13,74,8,16,53,5,2.191,53226.72
4,4,15.6,8,83,8,10,7,5,0.0002,35324.64
10,5,15.6,12,99,16,29,72,5,2.3,130269.6
8,4,13.0,17,74,8,16,53,5,1.05,71874.72
7,3,17.3,8,83,8,10,69,5,2.5,47738.88
4,1,17.3,15,102,16,5,80,5,4.42,160520.3856
4,1,15.6,12,102,16,31,79,5,2.65,98301.6
7,0,13.3,7,74,4,16,53,5,1.28,90576.0
10,3,14.0,0,34,2,35,40,5,1.5,12201.12
4,3,15.6,0,59,8,10,53,5,2.3,24455.52
16,3,14.0,15,68,8,16,47,5,1.47,79387.2
10,3,15.6,8,74,8,5,24,5,1.9,43580.376
7,0,13.3,11,83,8,16,61,5,1.29,79866.72
2,3,15.6,12,97,8,18,89,5,2.0,69210.72
4,3,15.6,8,74,4,10,40,5,2.25,29783.52
7,3,15.6,8,56,4,5,6,5,2.1,26586.72
10,3,13.3,8,74,8,16,53,5,1.44,50562.72
10,3,15.6,8,74,8,22,53,4,2.2,27652.32
2,1,17.3,15,102,8,18,79,5,2.7,85194.72
0,3,14.0,8,41,4,23,43,5,1.6,17529.12
2,4,14.0,8,74,8,16,53,5,1.1,60472.8
4,1,15.6,8,77,8,16,75,5,2.56,46833.12
7,3,15.6,8,83,8,10,61,5,2.1,42304.32
0,3,17.3,15,83,8,16,98,5,3.0,45501.12
2,1,17.3,8,77,8,5,75,5,3.0,49976.64
10,4,14.0,15,74,8,16,53,5,1.32,95850.72
11,1,17.3,8,102,16,18,76,5,2.7,85194.72
7,4,12.5,8,68,8,16,47,7,1.26,63882.72
18,4,13.3,15,74,8,16,98,4,1.3,53274.672
2,3,15.6,0,74,8,10,72,2,2.3,27864.9072
4,3,15.6,8,74,8,10,53,2,1.98,38681.28
4,4,13.3,31,98,8,16,58,5,1.23,73473.12
7,3,15.6,0,8,4,26,16,5,1.86,21258.72
4,3,15.6,8,99,16,16,69,5,1.93,81912.1392
16,3,14.0,13,74,8,16,53,5,1.25,81784.8
4,4,12.5,0,68,8,16,47,7,1.5,75289.968
4,3,15.6,0,111,4,26,40,5,2.2,23655.7872
7,3,14.0,8,99,8,12,53,5,1.48,93186.72
7,3,13.3,15,83,4,4,61,5,1.49,38681.28
4,3,15.6,0,56,4,10,47,5,2.3,22305.1392
10,0,13.3,19,69,8,16,50,5,1.3,63882.72
4,1,17.3,15,102,32,13,81,5,4.42,191211.264
10,0,13.3,13,97,8,16,53,5,1.37,103896.0
7,5,17.3,15,92,8,10,3,7,3.0,154458.72
2,3,14.0,0,37,4,23,43,5,1.5,15238.08
4,1,17.3,8,92,32,18,80,5,4.42,149184.0
7,4,12.5,8,88,8,16,47,7,1.26,122381.496
7,4,15.6,8,14,4,16,6,5,1.91,26586.72
11,1,15.6,8,102,16,18,79,5,1.8,111593.8944
0,3,15.6,0,56,4,26,85,5,2.2,24988.32
16,3,15.6,0,89,8,26,68,5,2.2,43263.36
4,4,12.5,8,99,8,16,53,5,1.6,90043.2
2,3,17.3,8,106,8,5,63,5,2.1,61005.6
4,3,17.3,15,101,8,10,79,5,4.42,109010.88
4,4,14.0,8,99,8,29,40,5,1.36,89510.4
7,3,15.6,8,12,6,1,29,5,2.04,29303.4672
10,0,13.9,11,106,16,29,61,5,1.4,98514.72
10,3,15.6,8,59,8,10,72,4,2.2,26586.72
7,5,15.6,15,92,8,16,100,7,2.59,118761.12
4,3,15.6,8,97,8,10,74,5,1.98,51202.08
16,3,15.6,0,68,8,16,47,5,2.2,59620.32
4,1,15.6,8,77,8,16,75,5,2.62,52480.8
10,3,15.6,12,116,32,12,104,5,2.5,261018.72
7,3,15.6,8,74,8,16,53,5,1.86,36763.2
10,1,15.6,15,77,8,16,75,5,2.5,44169.12
4,0,15.0,7,59,4,26,53,5,2.08,27119.52
10,1,15.6,15,102,16,18,76,5,2.5,62817.12
2,1,17.3,8,102,16,18,79,5,2.73,109218.672
4,3,15.6,8,78,16,29,53,5,1.93,76012.4448
7,1,17.3,15,102,8,5,75,5,3.35,63456.48
7,3,14.0,0,74,4,16,53,5,1.64,51841.44
4,1,15.6,12,102,16,18,80,5,4.42,152859.7872
10,3,14.0,0,68,4,27,47,7,1.7,53386.56
2,1,15.6,8,102,16,18,76,5,2.5,95850.72
0,2,11.6,9,36,4,23,41,1,1.35,18914.4
10,3,17.3,2,6,4,26,14,5,2.8,20193.12
10,3,15.6,8,60,4,4,53,5,2.05,33566.4
7,3,14.0,8,97,8,16,69,5,1.64,63159.7104
10,3,14.0,8,70,8,16,47,5,1.8,63456.48
4,4,12.5,8,99,16,16,53,5,1.18,99047.52
4,4,13.3,15,83,4,16,7,5,1.4,43601.688
7,1,17.3,15,102,12,10,79,5,3.78,90522.72
2,4,14.0,8,97,8,29,53,5,1.1,99793.44
16,3,13.3,15,74,8,16,53,5,1.5,51841.44
11,1,14.0,15,102,16,18,79,5,1.6,100752.48
2,3,15.6,0,89,4,26,65,5,2.2,38378.6496
10,2,11.6,36,36,4,4,41,5,1.4,25308.0
10,3,13.3,15,97,8,16,53,5,1.4,53812.8
4,5,15.6,8,72,8,26,2,5,2.23,72940.32
4,1,27.3,10,103,16,18,80,5,4.42,149130.72
4,3,15.6,8,106,8,5,61,5,2.02,45554.4
10,3,15.6,15,91,8,16,47,5,2.3,81465.12
4,1,15.6,8,102,8,10,78,5,2.62,63882.72
18,3,15.6,15,106,16,16,98,4,1.95,74589.336
7,3,15.6,8,68,8,16,47,5,2.31,62071.2
2,3,15.6,0,37,8,10,43,5,2.0,21258.72
2,3,17.3,8,56,4,10,66,5,2.0,30049.92
12,0,11.6,13,37,4,25,43,5,1.16,15930.72
7,4,15.6,8,97,8,29,53,5,1.84,74005.92
7,3,14.0,0,78,8,16,53,5,2.31,59886.72
4,3,15.6,0,54,4,10,24,2,2.25,24808.2336
7,3,13.3,8,106,16,29,61,5,1.49,63776.16
10,4,14.0,15,91,8,16,47,5,1.7,79333.3872
10,0,13.3,19,89,16,29,47,5,1.3,79866.72
14,1,14.0,8,102,16,29,79,5,1.95,154458.72
4,3,15.6,8,74,8,10,53,5,2.18,44542.08
7,3,14.0,8,89,8,16,47,5,1.43,118761.12
7,3,14.0,0,74,4,26,53,5,2.31,63349.92
4,3,15.6,8,71,8,26,47,5,2.09,55754.3232
7,3,15.6,8,56,4,26,47,4,1.86,18381.0672
10,3,35.6,8,56,4,26,47,5,2.2,21791.52
4,5,15.6,8,102,8,10,108,5,2.23,94731.84
7,5,17.3,2,79,8,26,101,5,3.14,99153.5472
0,3,15.6,15,83,4,16,61,5,2.2,36336.96
16,3,15.6,0,59,4,26,53,5,5.4,26053.92
7,1,17.3,8,102,12,18,80,5,3.35,106506.72
10,3,15.6,8,5,12,29,7,5,2.2,50562.72
0,3,15.6,15,106,8,10,97,5,2.2,39693.6
16,3,14.0,15,68,4,4,47,5,1.47,58874.4
10,4,24.0,4,97,24,29,53,5,1.32,126912.96
10,1,15.6,15,102,8,5,76,5,2.5,66546.72
7,3,15.6,15,2,6,4,7,5,1.91,30310.992
11,1,15.6,8,92,8,5,79,5,2.2,78647.1408
10,0,14.0,39,97,8,16,53,5,1.42,137995.2
7,3,17.3,15,1,6,22,7,5,2.71,34898.9328
7,3,15.6,8,68,8,16,47,7,1.88,84129.12
4,3,15.6,0,59,6,10,53,5,2.3,24455.52
11,1,15.6,15,102,16,18,79,5,2.4,95850.72
7,3,14.0,0,74,4,26,53,5,1.95,56476.8
2,0,13.3,7,106,8,34,61,5,4.1,79866.72
16,3,13.3,8,68,4,4,47,7,1.2,63669.6
7,3,14.0,0,36,2,23,41,5,1.44,14865.12
7,3,14.0,0,74,4,26,53,5,1.64,41505.12
1,4,13.3,23,65,8,16,58,8,1.37,80908.344
4,4,12.5,0,58,4,26,47,7,1.5,60480.792
2,1,15.6,8,102,8,16,75,5,2.5,53226.72
10,0,15.6,7,74,8,16,31,5,2.08,51095.52
5,3,15.6,0,74,8,16,53,5,2.2,42570.72
4,3,15.6,8,97,8,16,72,5,2.18,53807.472
4,3,14.0,8,79,8,16,53,5,1.6,64202.4
7,3,15.6,0,36,4,4,41,4,1.86,15930.72
7,3,15.6,0,19,4,26,12,5,2.1,17582.4
4,3,17.3,7,106,16,29,63,5,2.77,82530.72
7,3,14.0,8,74,4,4,53,5,1.95,67399.2
4,3,15.6,8,83,8,10,6,2,2.2,34472.16
16,4,14.0,15,91,16,29,68,5,1.47,93985.92
4,3,15.6,8,99,8,16,69,5,1.93,72940.32
11,1,15.6,8,77,8,5,75,5,2.2,58021.92
4,0,13.3,7,83,8,16,61,5,1.62,43636.32
4,3,15.6,8,97,8,16,30,5,2.33,47898.72
7,3,15.6,15,77,8,5,75,5,2.2,58554.72
7,4,13.3,12,97,16,29,53,5,1.3,109170.72
10,3,15.6,0,18,4,26,13,5,2.2,15930.72
2,0,13.3,7,74,6,10,53,5,1.5,34046.4528
7,3,13.3,31,46,8,16,46,5,1.16,90522.72
11,1,17.3,8,102,8,5,79,5,2.7,75071.52
10,3,15.6,8,113,4,4,44,5,2.2,18594.72
4,3,15.6,0,68,4,26,47,5,1.95,38889.072
4,3,15.6,7,97,16,10,30,5,2.3,45768.0528
7,3,15.6,8,56,4,26,47,4,2.1,18594.72
4,0,17.3,7,97,16,29,72,5,2.77,95850.72
11,1,15.6,8,92,16,18,79,5,1.8,102777.12
4,3,15.6,8,97,8,10,24,2,2.2,31962.672
4,3,15.6,0,74,4,10,22,5,2.18,36496.2672
4,4,13.3,15,106,64,16,7,5,1.4,50882.4
7,3,14.0,8,74,8,16,53,5,1.64,53839.9728
10,3,15.6,8,83,8,16,61,5,2.05,39373.92
4,3,15.6,8,78,8,16,53,5,1.9,62817.12
2,1,15.6,15,102,16,5,79,5,2.2,77202.72
0,3,15.6,0,74,4,26,53,2,2.4,23539.104
11,1,17.3,8,102,8,5,75,5,2.7,63499.104
16,3,15.6,0,55,4,26,47,5,2.1,23816.16
0,3,15.6,8,60,4,10,97,5,2.2,28238.4
0,3,15.6,8,74,4,10,72,5,2.23,32820.48
4,3,15.6,8,74,8,16,22,5,2.18,42081.0768
10,3,15.6,0,58,8,10,47,5,2.29,24455.52
13,4,33.5,37,100,8,16,58,6,1.25,95850.72
4,1,17.3,6,102,32,13,80,5,4.36,194972.832
7,3,17.3,15,83,8,10,69,5,2.5,48697.92
4,3,15.6,8,54,4,10,24,2,2.25,22803.84
4,3,15.6,8,106,8,6,7,5,2.2,52480.8
7,3,15.6,0,74,8,16,6,5,1.91,32979.7872
11,1,15.6,8,92,8,5,89,5,2.4,65481.12
10,3,15.6,8,83,4,26,53,5,2.05,36496.8
11,1,15.6,8,102,16,20,80,5,1.8,119427.12
16,3,15.6,15,74,8,26,53,5,2.0,56689.92
7,3,15.6,8,106,16,29,61,5,2.1,61751.52
2,0,13.3,34,74,8,16,53,5,1.1,72354.24
2,0,15.6,7,97,12,22,72,5,2.3,44701.92
10,3,15.6,8,97,4,10,66,5,2.2,42570.72
0,1,15.6,8,77,8,10,75,2,2.4,37775.52
10,3,15.6,15,74,8,29,53,5,1.95,104588.1072
7,5,17.3,15,92,8,16,105,7,3.0,210424.032
7,3,15.6,0,74,4,16,53,5,2.04,52161.12
4,3,15.6,8,56,4,10,24,5,2.2,23922.72
10,4,14.0,8,97,8,16,53,5,1.32,99047.52
2,3,15.6,15,97,8,16,83,5,2.3,41931.36
0,3,15.6,13,59,6,10,53,5,2.1,25521.12
4,3,15.6,8,102,16,29,75,5,2.06,101178.72
2,4,13.3,21,74,8,16,53,5,1.2,60153.12
7,3,15.6,15,102,12,5,75,5,2.21,70702.56
4,3,17.3,8,106,16,20,7,5,2.8,69210.72
0,0,11.6,27,40,4,23,41,1,1.25,20193.12
11,1,17.3,8,102,16,31,80,5,2.9,128671.2
4,3,15.6,8,74,8,4,53,5,1.9,50349.6
7,3,17.3,8,106,16,29,70,5,2.5,67718.88
11,1,15.6,8,102,16,18,75,5,2.4,68944.32
2,1,15.6,8,92,8,10,79,5,2.2,62284.32
7,3,17.3,15,0,6,22,29,5,2.65,30316.32
11,1,15.6,8,102,16,18,76,5,2.2,69210.72
11,1,15.6,8,102,8,5,76,5,2.2,63499.104
10,3,15.6,8,56,4,4,47,4,1.85,21498.48
10,3,17.3,2,56,4,10,47,5,2.8,26053.92
7,0,14.0,13,59,4,4,72,5,1.63,37242.72
7,4,14.0,8,89,8,29,47,7,1.54,99633.6
2,4,13.3,15,68,8,29,71,5,1.45,54665.28
2,1,17.3,8,102,16,18,76,5,2.99,93186.72
4,3,15.6,8,74,4,16,24,5,2.3,34045.92
2,3,14.0,8,74,8,16,53,5,2.0,50349.6
10,0,13.3,19,89,16,29,47,5,1.3,79866.72
2,1,17.3,15,93,32,19,93,5,3.58,68145.12
10,0,13.9,13,97,8,16,53,5,1.38,71874.72
0,3,15.6,8,97,8,10,72,5,2.23,39533.76
7,3,14.0,15,74,6,16,72,5,1.58,35111.52
1,4,13.3,23,67,8,16,59,8,1.37,96095.808
10,3,14.0,0,36,2,23,41,5,1.42,13266.72
7,1,17.3,15,102,16,18,75,5,3.78,79813.44
4,3,15.6,8,106,8,16,6,5,2.13,40908.384
10,0,14.0,39,91,16,29,47,5,1.36,133146.72
0,3,15.6,8,74,4,16,72,5,2.23,36816.48
4,0,11.6,36,112,4,26,42,5,1.47,25521.12
10,3,15.6,0,56,4,10,24,4,1.9,19607.04
7,3,15.6,0,3,8,22,26,5,2.04,33513.12
16,3,13.3,8,74,4,4,53,5,1.05,68464.8
10,3,15.6,8,5,6,16,7,5,2.2,29250.72
4,3,14.0,8,79,8,16,69,2,1.64,58021.92
2,0,11.6,36,37,2,23,43,5,1.1,14652.0
7,5,15.6,8,102,8,16,101,5,2.6,92615.0256
7,4,14.0,8,91,8,16,47,7,1.43,77202.72
7,3,15.6,14,106,8,10,61,5,2.1,48058.56
7,3,15.6,8,83,6,16,6,5,1.91,32980.32
7,3,17.3,8,83,8,16,61,5,2.5,49443.84
11,1,17.3,8,102,16,18,76,5,2.7,79536.384
2,1,17.3,15,77,8,5,79,5,2.73,94305.6
10,3,15.6,0,7,4,26,15,5,2.19,15877.44
7,3,17.3,15,56,4,16,19,5,2.5,37242.72
7,3,13.3,8,106,8,29,61,5,1.49,58767.84
7,4,14.0,8,97,8,29,53,5,1.48,111301.92
4,3,14.0,0,74,8,16,53,5,1.6,60031.1088
10,4,14.0,15,74,8,15,53,5,1.13,99900.0
4,3,13.3,7,68,8,10,47,5,1.62,34578.72
7,3,15.6,0,112,8,22,42,5,2.04,20725.92
10,3,15.6,8,58,6,4,66,5,2.4,30316.32
2,3,15.6,8,37,4,10,43,5,2.0,18328.32
10,3,15.6,0,54,4,4,47,5,2.3,30103.2
0,3,15.6,15,32,4,7,40,1,2.2,19127.52
10,0,13.3,13,74,8,16,53,5,1.3,55091.52
10,4,14.0,18,102,8,29,74,5,1.7,103523.04
2,4,13.3,8,89,8,16,47,5,1.45,68198.4
4,0,13.3,31,81,8,16,52,5,1.24,96596.64
11,1,17.3,8,102,8,18,76,5,2.7,63882.72
4,4,13.3,13,83,8,4,61,5,1.22,52161.12
10,3,15.6,0,56,4,26,47,4,1.9,23976.0
0,3,15.6,0,60,4,10,53,2,2.1,19553.76
7,4,14.0,8,89,8,29,47,5,1.54,78215.04
7,3,14.0,0,68,4,26,47,5,1.95,61218.72
2,1,17.3,8,102,16,18,94,5,3.0,80133.12
4,3,17.3,8,97,8,10,30,2,2.83,46087.2
4,1,15.6,6,102,8,5,76,5,2.62,79813.44
10,4,14.0,15,106,8,16,35,5,1.75,64755.4464
4,3,17.3,2,54,4,10,30,5,2.36,35111.52
7,3,17.3,2,74,8,10,69,5,2.63,48484.8
7,0,13.3,31,97,16,16,53,5,1.42,74538.72
4,3,15.6,8,74,8,16,53,5,1.9,59513.2272
10,3,15.6,0,42,8,10,42,4,2.2,17529.12
7,1,15.6,15,102,8,10,75,5,2.62,47898.72
16,4,14.0,15,91,8,16,47,5,1.47,91908.0
7,3,15.6,8,83,8,16,70,5,2.1,46833.12
4,4,13.3,8,83,8,16,61,5,1.23,74538.72
0,3,17.3,15,60,4,16,97,5,3.0,37402.56
4,1,15.6,8,102,16,18,80,5,3.21,147832.2864
7,3,15.6,0,58,4,26,47,5,2.07,34632.0
4,3,15.6,0,68,4,26,20,7,2.24,40980.312
4,3,15.6,8,74,8,16,53,5,2.18,39960.0
10,3,15.6,8,74,4,10,65,5,2.4,32447.52
10,3,14.0,0,34,2,35,40,5,1.5,12201.12
10,3,14.0,0,37,4,26,43,5,2.1,15930.72
2,3,15.6,0,14,4,10,22,5,2.03,21471.84
4,3,15.6,8,106,8,16,7,5,6.2,48964.32
7,2,12.5,8,47,8,29,46,5,0.97,101658.24
2,3,15.6,0,37,4,4,43,5,1.86,22324.32
4,3,15.6,8,74,4,5,72,5,2.18,48618.0
4,0,13.3,31,105,16,29,52,5,1.22,101178.72
4,5,17.3,8,104,16,16,101,5,3.42,153705.3408
2,1,15.6,15,102,8,10,76,4,2.5,62284.32
2,3,15.6,0,112,4,10,42,5,2.65,16463.52
4,3,15.6,8,74,8,16,53,5,2.18,42357.6
7,3,15.6,8,8,4,10,15,5,2.1,21205.44
7,4,14.0,8,89,8,16,47,5,1.54,100550.5488
4,2,11.6,0,36,4,7,41,1,1.26,15717.6
0,3,15.6,0,54,4,26,47,2,2.4,19276.704
7,5,15.6,8,92,8,16,100,7,2.59,83170.08
7,2,11.6,0,36,4,7,41,1,1.23,20512.8
1,4,15.4,25,87,16,29,11,8,1.83,152274.24
0,4,14.0,15,106,8,16,61,5,1.6,47099.52
2,3,14.0,8,97,8,18,53,5,2.0,71075.52
4,3,15.6,8,74,8,10,24,5,2.24,30103.2
10,4,12.5,13,89,8,16,47,5,1.3,91294.7472
7,3,14.0,8,74,4,16,53,5,1.48,84715.2
4,1,17.3,12,102,16,31,80,5,4.36,168045.12
4,1,15.6,8,77,8,1,75,5,2.65,50562.72
10,3,15.6,15,92,8,10,89,5,2.6,47898.72
7,3,13.3,8,83,8,29,61,5,1.49,51095.52
2,3,15.6,8,106,8,16,72,5,1.7,59567.04
7,3,15.6,0,89,6,10,21,5,2.19,40705.92
7,3,14.0,8,68,8,16,47,7,1.95,63669.6
4,3,15.6,8,83,4,10,7,5,2.2,41345.28
4,3,15.6,5,102,16,29,75,5,2.06,127712.16
4,4,13.3,11,106,16,12,61,5,1.21,133146.72
4,4,13.3,13,74,8,4,53,5,1.29,47898.72
7,3,15.6,0,56,4,26,47,5,1.86,23389.92
7,4,12.5,0,71,8,16,47,7,1.26,100965.6
4,3,17.3,15,83,8,5,7,5,2.8,52161.12
4,1,15.6,26,92,16,5,89,5,2.72,58554.72
10,3,15.6,8,89,4,1,47,7,2.32,43956.0
10,1,17.3,15,93,32,30,93,5,4.6,172627.2
16,3,15.6,15,74,8,26,53,5,2.0,45820.8
2,4,13.3,7,97,16,29,53,5,1.1,93181.392
2,1,17.3,8,26,8,18,37,5,3.2,69210.72
10,3,15.6,15,74,8,16,72,5,2.3,53918.8272
10,1,15.6,15,102,16,16,76,5,2.5,57489.12
7,4,15.6,8,89,8,16,47,7,1.88,115709.2416
11,1,18.4,8,95,32,31,62,5,4.4,149130.72
4,3,15.6,8,97,8,16,24,5,2.2,39693.6
10,3,24.0,8,68,8,16,47,7,2.02,71395.2
0,3,15.6,15,106,8,16,98,5,2.2,44808.48
7,1,17.3,15,102,16,18,75,5,3.35,73473.12
0,0,11.6,13,38,4,23,43,5,1.25,18594.72
4,3,15.6,8,79,8,16,53,5,1.9,73366.56
7,0,11.6,36,37,8,35,43,1,1.4,26373.6
7,3,15.6,0,68,4,26,47,5,2.31,63882.72
10,4,14.0,15,102,8,16,74,5,1.96,101391.84
2,2,11.6,0,36,4,7,41,1,1.2,15339.312
0,0,14.0,13,105,8,16,52,5,1.2,61218.72
2,1,17.3,13,92,24,18,90,5,4.33,67612.32
4,3,15.6,0,97,8,10,30,5,2.36,39906.72
4,3,15.6,0,74,4,10,47,2,2.18,27804.7008
4,3,15.6,8,102,8,16,75,5,2.0,97449.12
10,4,14.0,15,97,8,29,53,5,1.13,133146.72
0,0,13.3,13,68,8,16,47,5,1.6,36709.92
4,3,15.6,8,83,8,16,7,5,2.2,42624.0
13,4,13.5,37,100,16,29,58,6,1.25,137941.92
4,3,15.6,0,97,8,10,24,2,2.3,42943.1472
2,1,17.3,8,103,32,31,82,5,4.7,207259.2
7,3,15.6,0,74,4,10,53,5,1.86,26037.4032
4,1,15.6,8,102,8,10,75,5,2.62,58554.72
3,3,15.6,8,30,4,35,40,5,1.89,13261.392
10,1,17.3,15,93,16,17,93,5,4.6,146519.4672
4,3,15.6,0,97,8,10,24,2,2.3,42943.1472
10,5,15.6,8,89,16,29,107,7,2.18,98834.4
4,3,15.6,8,106,16,20,7,5,2.2,60472.8
7,3,15.6,0,97,8,22,53,5,2.04,33513.12
7,2,12.5,0,68,4,4,47,7,2.4,85194.72
4,3,15.6,8,97,8,16,74,2,1.98,47686.1328
16,3,14.0,0,108,4,4,45,5,1.75,26586.72
0,3,15.6,0,113,4,10,44,5,2.1,19367.8128
4,3,15.6,0,74,4,26,24,5,2.25,31914.72
7,0,11.6,36,37,4,23,43,1,1.4,32767.2
2,1,15.6,15,92,16,5,89,5,2.59,71341.92
4,0,13.3,7,105,16,16,52,5,1.22,87858.72
2,3,17.3,2,112,4,10,66,5,2.8,28238.4
4,0,15.6,7,106,8,16,61,5,1.56,55890.72
15,0,12.3,29,117,4,23,38,1,1.15,35111.52
7,3,15.6,0,56,4,4,47,5,1.63,36709.92
4,3,15.6,8,74,8,10,30,5,2.36,34035.264
10,3,15.6,8,56,4,10,47,5,1.85,22105.872
7,3,15.6,0,59,4,26,53,5,2.1,35616.6144
4,3,15.6,0,34,2,26,40,5,2.2,20193.12
7,3,15.6,8,56,4,4,47,5,1.91,23389.92
2,0,13.3,7,83,8,16,53,5,1.1,70063.2
4,3,15.6,8,74,4,16,24,2,2.3,31909.392
10,3,17.3,2,74,8,10,85,4,2.8,31381.92
11,1,17.3,8,102,16,18,79,5,2.7,85141.44
2,4,14.0,8,106,16,29,98,5,1.3,79653.6
7,3,14.0,8,68,4,26,47,5,1.54,53280.0
7,3,15.6,0,56,4,10,47,4,1.86,18434.3472
10,3,15.6,8,104,8,16,104,5,2.67,111355.2
7,3,15.6,15,83,4,26,53,5,2.1,38468.16
7,4,15.6,8,89,8,16,28,5,1.84,69103.6272
11,1,15.6,8,102,8,5,75,5,2.4,60888.384
9,4,15.6,13,97,16,29,53,5,1.08,111834.72
14,1,14.0,8,102,16,12,79,5,1.95,186426.72
7,3,17.0,2,14,8,10,17,5,2.6,27753.552
4,1,15.6,8,77,8,10,75,5,2.65,53226.72
7,3,14.0,8,68,8,16,47,7,1.43,80612.64
4,3,15.6,8,106,8,16,6,2,2.14,39164.5296
10,0,14.0,13,59,4,16,53,5,1.74,33513.12
4,5,15.6,15,94,16,29,108,5,2.17,124568.64
10,1,15.6,15,92,8,5,87,5,3.31,63722.88
0,3,15.6,0,36,4,26,41,2,2.4,15397.92
10,1,15.6,13,92,16,5,89,5,2.6,54825.12
2,3,15.6,8,77,8,5,75,5,2.5,44701.92
4,0,13.3,7,81,8,16,52,5,1.24,101178.72
10,0,13.9,13,83,8,16,61,5,1.4,85194.72
2,3,14.0,8,59,4,16,53,5,2.0,40972.32
10,3,15.6,0,74,4,4,53,5,1.9,26533.44
2,0,13.3,13,74,8,16,53,5,1.27,49443.84
5,3,15.6,0,68,4,16,47,5,2.3,34578.72
4,4,12.5,7,71,8,16,47,7,1.26,91288.3536
9,4,15.6,15,106,8,29,53,5,1.09,122490.72
4,3,14.0,0,58,8,4,47,5,1.79,39427.2
10,3,17.3,2,83,8,16,98,4,2.8,37189.44
7,3,15.6,0,68,4,26,47,7,1.88,49656.96
0,3,15.6,0,56,4,10,47,5,2.1,23816.16
10,3,15.6,6,94,16,29,102,7,2.5,126273.6
7,4,12.5,8,74,4,26,53,5,1.26,81997.92
4,5,15.6,6,114,16,18,101,5,2.8,162770.4
10,3,15.6,15,70,8,5,89,5,2.6,42037.92
10,3,15.6,8,97,8,10,72,4,2.2,35112.0528
10,3,15.6,0,74,8,22,72,4,2.2,29250.72
2,1,17.3,8,102,16,18,79,5,2.9,103842.72
7,3,15.6,8,56,4,10,6,5,2.1,24988.32
2,3,14.0,0,16,4,37,12,6,1.65,14811.3072
2,1,17.3,8,102,16,18,75,5,2.9,74964.96
10,3,15.6,15,74,8,10,53,5,2.3,45323.1648
4,4,13.3,8,83,8,16,61,5,1.41,50562.72
11,1,15.6,8,92,8,5,89,5,2.3,62284.32
4,4,13.3,31,97,8,16,53,5,1.29,78694.56
10,3,15.6,15,106,8,16,35,5,2.1,65510.9568
7,3,15.6,8,74,4,16,53,5,2.04,44701.92
2,3,17.3,8,74,8,21,86,5,2.69,47472.48
4,1,17.3,12,102,32,31,80,5,4.42,167691.8736
1,4,13.3,1,63,8,2,51,8,1.34,47895.5232
7,3,14.0,8,106,8,29,61,5,1.63,57755.52
12,3,14.0,16,28,4,24,41,5,1.4,14119.2
4,3,14.0,0,74,4,26,53,5,1.6,46620.0
4,0,15.6,13,97,12,29,53,5,2.19,69210.72
10,3,15.6,0,68,4,26,47,4,2.1,21205.44
10,3,14.0,8,74,8,16,53,5,1.65,71661.6
4,1,15.6,8,77,16,5,79,5,3.21,109277.28
10,1,15.6,15,77,8,10,75,5,2.4,43636.32
2,4,15.6,8,97,8,16,72,5,1.7,55938.672
7,3,15.6,8,97,8,10,7,5,2.1,39693.6
0,1,17.3,15,92,16,5,79,5,4.2,103096.8
4,3,15.6,0,59,4,4,53,5,2.18,29144.16
10,3,14.0,0,36,4,23,40,5,1.43,14598.72
2,1,17.3,15,93,32,29,82,5,3.8,149130.72
4,3,15.6,0,97,8,10,24,2,2.3,42943.1472
10,3,15.6,0,89,8,26,66,4,2.2,33513.12
10,3,15.6,0,56,4,26,47,5,2.1,26101.872
7,3,15.6,3,56,6,10,24,5,2.04,28717.92
16,3,15.6,15,89,16,16,68,5,2.4,75924.0
7,3,14.0,0,112,8,22,42,5,1.94,20725.92
10,3,15.6,8,13,4,16,7,5,2.2,21258.72
4,0,31.6,36,48,4,4,52,5,1.39,32127.84
10,0,14.0,30,91,16,29,47,5,2.8,130003.2
7,1,17.3,8,102,12,10,79,5,2.62,95850.72
4,3,15.6,0,111,4,26,40,2,2.2,20965.1472
7,3,17.3,8,97,8,10,69,5,2.63,68198.4
16,3,14.0,9,68,4,4,47,5,1.75,54345.6
4,3,15.6,8,74,8,16,30,5,2.36,47365.92
10,3,13.3,15,59,8,16,53,5,1.4,50562.72
2,3,15.6,8,59,6,16,65,5,2.0,30742.56
10,3,14.0,10,91,16,16,47,7,1.1,139593.6
11,1,17.3,8,103,16,31,80,5,4.14,145401.12
0,3,13.3,0,68,4,4,47,5,1.6,34898.4
0,2,11.6,9,36,4,23,41,1,1.25,15824.16
7,3,13.3,8,74,8,16,53,5,1.49,51148.8
1,4,12.0,22,43,8,15,46,3,0.92,69264.0
4,4,13.3,15,106,8,16,7,5,1.4,49650.5664
11,1,17.3,8,102,16,18,80,5,2.8,119826.72
4,3,14.0,0,68,4,26,47,5,1.76,40226.4
16,3,13.3,8,74,8,16,53,5,1.05,78588.0
10,3,11.6,0,37,2,23,43,5,1.15,16221.096
17,3,14.0,3,37,4,23,43,5,1.22,10810.512
4,0,13.3,13,74,8,16,53,5,1.6,63882.72
4,0,13.3,13,97,12,16,53,5,1.6,69210.72
4,3,14.0,8,71,8,16,47,5,1.56,65481.12
2,4,14.0,8,97,16,29,53,5,11.1,101232.0
4,3,14.0,8,74,8,4,54,5,1.6,59620.32
15,4,13.3,8,97,16,16,53,5,0.81,87858.72
10,3,15.6,8,74,4,11,53,5,2.1,33110.856
7,3,15.6,8,22,4,26,12,5,2.1,18594.72
0,3,14.0,15,59,8,4,53,5,1.5,32980.32
4,3,15.6,0,74,8,10,53,5,2.14,28768.536
7,3,15.6,36,83,4,10,61,5,2.04,27783.9216
0,3,15.6,0,32,4,8,40,1,2.2,11135.52
10,3,14.0,8,68,8,9,47,7,1.7,63882.72
7,0,11.6,36,113,4,16,44,5,1.45,41292.0
4,2,11.6,0,113,4,4,44,5,1.63,39640.32
4,4,13.3,11,106,8,16,61,5,1.21,103842.72
7,3,13.3,15,74,4,16,53,5,1.32,37242.72
10,0,10.1,28,31,4,35,41,5,0.69,34433.2656
4,1,15.6,15,102,16,18,79,5,2.65,79866.72
11,1,17.3,15,93,16,18,93,5,3.78,82351.6992
0,1,15.6,15,77,8,16,75,5,2.5,45074.88
2,1,17.3,8,102,8,10,75,5,3.0,55357.92
10,3,15.6,8,0,6,10,18,5,2.4,26586.72
15,2,11.6,0,36,4,7,41,1,1.15,14332.32
0,3,15.6,8,102,8,16,75,2,2.5,46833.12
10,3,15.6,8,74,6,10,53,5,2.4,30049.92
1,4,12.0,22,43,8,15,49,3,0.92,61964.64
14,4,12.5,33,89,8,16,47,5,1.25,54825.12
16,3,15.6,0,57,4,4,47,5,2.1,26533.44
0,3,15.6,0,39,4,26,43,5,2.1,17742.24
2,1,15.6,15,77,8,5,79,5,2.3,87858.72
7,3,14.0,0,36,4,25,41,5,1.44,12201.12
1,4,12.0,22,51,8,16,52,8,0.92,67260.672
11,1,17.3,15,92,16,18,79,5,2.43,103842.1872
0,3,15.6,8,74,8,18,86,5,2.4,42570.72
2,3,15.6,8,97,8,18,53,5,2.0,65214.72
2,1,17.3,8,102,16,18,76,5,3.0,84768.48
4,0,13.3,13,106,8,10,61,5,1.62,44701.92
0,1,17.3,15,102,16,18,79,5,4.2,122490.72
0,3,15.6,8,97,8,16,72,5,2.2,44328.96
14,4,12.5,11,96,16,29,53,5,1.29,95850.72
10,0,15.6,13,68,4,16,47,5,2.1,46193.76
10,4,14.0,15,97,8,15,53,5,1.13,109170.72
2,0,11.6,36,37,4,23,43,5,1.5,19980.0
4,3,15.6,8,97,8,5,72,5,2.0,64308.96
10,3,15.6,0,113,4,10,44,4,2.2,19180.2672
7,3,14.0,8,68,8,16,47,7,1.43,78268.32
4,3,15.6,8,83,8,22,7,5,2.02,40439.52
2,1,17.3,8,92,16,31,79,5,2.73,95850.72
10,3,17.3,8,106,8,22,98,4,2.8,45234.72
7,4,12.5,0,74,4,16,53,5,1.26,83063.52
0,3,15.6,8,102,8,10,75,2,2.4,41505.12
4,1,15.6,8,102,8,5,75,5,2.56,56502.9072
7,3,15.6,8,71,8,16,47,5,1.84,101232.0
0,0,13.3,13,89,8,16,47,5,1.6,42038.4528
10,4,14.0,15,74,8,16,53,5,1.32,79866.72
10,4,14.0,8,91,8,16,47,7,1.7,79866.72
12,3,14.0,15,41,4,25,43,5,1.45,20725.92
7,3,15.6,15,97,8,10,72,5,1.91,52161.12
7,3,15.6,0,58,4,26,47,5,2.31,37570.392
10,3,15.6,8,89,16,1,27,5,2.5,58554.72
8,4,13.0,17,97,8,29,53,5,1.05,79866.72
10,3,14.0,0,37,4,35,43,5,1.44,13266.72
7,5,15.6,8,102,8,16,103,5,3.14,110017.872
4,3,14.0,8,78,8,16,53,5,1.64,68184.0144
10,0,14.0,13,89,4,4,47,5,1.8,33992.64
2,4,14.0,8,97,8,16,53,5,1.25,55890.72
10,0,13.3,13,74,8,29,53,5,1.37,97236.0
4,3,15.6,8,97,8,16,24,2,2.2,39907.2528
2,3,15.6,8,74,8,16,53,5,2.37,58554.72
4,0,15.6,13,106,8,10,61,5,2.08,43636.32
4,3,15.6,8,56,4,16,24,5,2.2,26581.392
10,3,14.0,0,37,4,23,43,5,1.44,15557.76
2,1,17.3,8,102,8,5,75,5,3.0,62231.04
10,4,14.0,10,97,16,12,53,5,1.13,139860.0
10,3,15.6,0,9,4,26,16,4,2.2,16463.52
7,3,15.6,8,68,4,26,47,5,2.07,48484.8
10,1,15.6,15,77,8,5,75,5,2.5,53226.72
11,1,17.3,8,102,8,5,79,5,2.7,79215.1056
2,1,15.6,15,92,8,18,89,5,2.591,48431.52
2,3,15.6,0,113,4,10,44,5,2.0,23922.72
10,1,17.3,15,93,32,18,80,5,4.6,141884.64
10,0,14.0,13,89,4,4,47,5,1.8,33992.64
0,0,13.3,13,83,1,16,61,5,1.6,53226.72
7,3,15.6,8,74,8,10,53,5,2.04,42943.68
14,1,17.3,5,103,32,12,82,5,3.49,324954.72
7,3,14.0,0,71,4,16,47,5,1.48,58607.4672
7,3,17.3,8,97,8,16,69,5,2.63,63936.0
4,3,17.3,15,83,8,5,7,2,2.8,47365.92
7,4,13.3,8,89,8,29,47,5,1.16,104908.32
10,4,12.5,15,97,16,29,53,5,1.36,95797.44
7,0,15.6,36,74,4,26,53,5,2.3,36486.144
15,0,15.0,7,97,16,16,8,5,1.71,95850.72
10,3,15.6,8,56,4,16,47,4,2.2,23656.32
7,3,15.6,0,22,4,26,12,4,1.86,13746.24
7,3,15.6,8,74,8,26,1,5,1.9,61485.12
0,3,17.3,2,56,4,10,72,5,3.3,31861.44
10,3,15.6,15,97,8,16,55,5,1.95,58448.16
16,3,14.0,0,68,4,26,47,5,1.75,48751.2
10,3,15.6,15,74,8,16,53,4,2.3,30529.44
10,3,14.0,15,74,8,16,53,5,1.9,49976.64
14,1,17.3,5,103,32,29,82,5,3.49,292986.72
4,3,15.6,8,106,8,6,7,5,2.02,51729.552
1,4,12.0,22,44,8,28,49,3,0.92,62071.2
7,3,14.0,8,106,8,16,61,5,1.63,52640.64
4,1,15.6,8,102,8,10,78,2,2.62,49497.12
4,3,15.6,26,70,8,16,73,5,2.04,119916.2304
2,1,15.6,8,24,8,10,36,5,2.45,37242.72
10,3,15.6,8,5,12,22,7,5,2.2,47898.72
10,0,13.3,19,89,16,29,47,5,1.3,79866.72
4,3,15.6,15,106,8,29,72,5,2.16,67239.36
7,3,14.0,8,83,8,10,61,5,1.63,43263.36
10,3,17.3,2,68,8,0,21,5,3.0,35111.52
10,0,10.1,28,31,4,35,41,5,0.69,25521.12
11,1,14.0,8,92,16,18,91,5,1.7,94252.32
7,0,13.3,7,74,4,16,53,5,1.28,95850.72
10,4,14.0,8,91,12,29,47,7,1.4,122490.72
2,1,15.6,15,92,16,18,80,5,2.34,123876.0
7,3,15.6,0,74,4,26,53,5,1.86,25840.8
10,3,15.6,8,104,16,29,104,5,2.5,130482.72
7,3,14.0,8,74,4,16,53,5,1.95,64202.4
4,1,17.3,15,102,16,5,79,5,4.36,133467.4656
7,1,17.3,15,102,12,10,37,5,3.74,93186.72
7,4,15.6,8,106,8,16,53,5,1.91,35111.52
7,4,14.0,8,89,8,16,47,5,1.43,79920.0
4,0,17.3,7,83,12,10,63,5,2.77,53226.72
10,3,14.0,15,77,8,16,55,5,1.7,78534.72
10,3,15.6,15,74,8,16,53,5,1.95,74059.2
10,3,15.6,8,113,4,26,44,5,2.2,18328.32
11,1,17.3,8,92,8,5,89,5,2.9,80516.2032
7,3,14.0,8,74,8,16,53,5,1.95,52214.4
4,3,15.6,8,97,8,16,30,2,2.33,41498.1936
4,1,15.6,6,102,16,29,76,5,2.62,89457.12
10,2,11.6,0,36,4,8,41,1,1.25,14119.2
1,4,12.0,22,61,8,29,52,8,0.92,80452.8
2,3,15.6,0,34,4,26,40,5,2.2,19660.32
10,3,15.6,8,74,4,4,53,4,2.2,24935.04
10,3,15.6,8,68,4,10,47,4,2.15,24634.008
3,3,12.3,24,41,6,35,43,5,1.4,23922.72
2,3,15.6,0,37,4,26,43,2,2.0,11934.72
4,4,14.0,8,99,8,16,53,5,1.36,94572.0
0,4,14.0,15,74,8,16,39,5,1.8,48964.32
10,3,15.6,0,74,4,26,53,5,2.38,56210.4
4,3,15.6,36,74,8,22,53,5,2.36,29696.6736
10,1,15.6,15,23,16,31,33,5,2.5,53226.72
10,0,14.0,30,89,8,16,47,5,1.27,124621.92
0,3,15.6,8,74,12,5,86,5,2.4,53759.52
7,2,11.6,0,36,2,23,41,5,1.17,11135.52
7,3,15.6,0,36,4,26,41,5,2.1,18488.16
0,3,14.0,0,36,4,23,41,1,1.68,18594.72
10,3,14.0,8,74,4,26,53,5,1.87,41824.8
4,3,17.3,8,106,16,20,7,5,2.8,74378.88
7,3,17.3,8,83,8,16,69,5,2.5,49177.44
2,3,15.6,0,37,4,10,43,2,2.0,14651.4672
10,3,15.6,0,37,4,10,43,4,2.2,17155.6272
0,3,15.6,15,83,4,10,98,5,2.2,32660.64
7,3,15.6,0,112,4,10,42,5,1.96,26640.0
2,3,15.6,8,77,8,10,75,5,1.99,48304.7136
10,0,14.0,7,74,8,16,53,5,1.7,53226.72
7,3,14.0,8,106,8,16,69,5,1.63,54931.68
10,3,14.0,15,74,8,16,72,5,1.5,58554.72
7,3,15.6,8,56,4,26,47,5,1.86,21152.16
7,3,15.6,0,56,4,26,6,5,1.86,23373.4032
10,1,15.6,8,102,16,29,76,5,2.4,63882.72
4,3,15.6,0,56,4,10,22,2,2.18,24775.2
7,3,15.6,0,73,8,10,69,5,2.04,45101.52
2,1,17.3,15,92,16,10,90,4,4.0,53173.44
2,1,17.3,15,92,16,31,93,5,4.3,114552.0
13,4,13.5,37,74,8,16,53,6,1.252,71395.2
7,4,13.3,21,97,8,16,53,5,1.34,61005.6
10,0,14.0,13,89,4,4,47,5,1.8,33992.64
0,3,14.0,0,33,4,23,45,1,1.45,19980.0
0,3,15.6,0,36,4,26,41,2,2.4,15397.92
4,3,15.6,8,106,16,20,7,2,2.02,55890.72
7,3,15.6,8,56,4,10,47,5,2.1,25467.84
0,3,15.6,0,59,4,10,53,5,2.4,20459.52
2,3,17.3,8,97,8,5,86,4,2.69,47365.92
0,3,15.6,0,74,4,26,53,5,2.4,29783.52
4,5,15.6,8,114,8,36,108,5,2.23,106187.04
10,1,15.6,15,102,8,5,77,5,2.5,59087.52
2,3,15.6,8,74,8,16,67,5,2.0,40972.32
16,3,13.3,8,68,4,4,47,5,1.2,63669.6
0,3,15.6,8,102,8,10,75,2,2.4,45074.88
0,3,15.6,0,14,4,10,17,5,2.1,21045.6
7,3,17.3,8,83,8,5,69,5,2.5,52054.56
0,3,14.0,15,59,4,4,53,5,1.8,33886.08
4,3,15.6,0,59,6,10,53,5,2.3,24455.52
10,3,17.3,2,97,6,5,72,5,2.8,50562.72
2,4,15.6,8,97,16,29,72,5,1.63,78215.04
4,4,14.0,8,83,8,16,61,5,1.7,46833.12
0,3,11.6,0,112,4,2,42,5,1.4,25840.8
16,3,14.0,8,68,8,16,47,5,1.95,62870.4
4,5,15.6,7,102,8,16,108,5,2.06,93932.64
10,0,10.1,28,31,4,35,41,0,0.69,29250.72
2,1,15.6,8,102,8,5,95,5,2.24,71341.92
7,3,15.6,8,8,4,16,16,5,1.86,21231.5472
7,3,17.3,8,106,8,16,70,5,2.5,55677.6
10,3,13.3,8,74,4,4,53,5,1.44,46939.68
10,4,14.0,15,91,12,16,47,5,8.4,89137.44
10,1,15.6,8,102,16,29,79,4,2.4,74485.44
10,3,14.0,15,83,8,16,61,5,1.75,55890.72
4,4,14.0,8,99,8,16,53,2,1.6,58554.72
7,3,15.6,8,14,4,16,17,5,1.91,26053.3872
0,3,17.3,2,54,8,10,72,5,3.3,33513.12
4,3,15.6,8,71,8,16,47,7,2.09,56633.976
4,3,15.6,0,68,4,26,47,7,2.24,39267.36
7,5,15.6,8,89,8,16,0,7,1.9,79653.6
18,4,13.3,15,68,8,16,72,5,1.28,49816.8
16,3,15.6,15,89,16,29,68,5,2.4,74751.84
10,4,14.0,20,91,16,29,47,5,1.1,111834.72
16,4,13.3,8,68,8,16,47,5,1.2,84715.2
10,3,17.3,12,94,16,29,99,7,2.4,158135.04
0,3,15.6,8,60,4,16,97,5,7.2,30476.16
10,3,15.6,8,106,8,16,61,5,2.05,46886.4
4,1,15.6,15,102,8,5,76,5,2.62,61751.52
10,1,15.6,15,102,16,31,79,5,3.2,93186.72
7,3,17.3,2,56,8,10,47,5,2.54,26053.92
2,3,15.6,0,113,4,26,43,5,2.0,16197.12
2,3,15.6,0,59,4,10,53,5,2.0,23176.8
4,4,13.3,31,100,16,29,58,5,1.29,119347.2
4,0,13.3,7,59,4,10,53,5,1.71,34578.72
2,1,17.3,8,102,16,18,80,5,2.9,128884.32
0,3,15.6,0,36,4,26,41,2,2.4,15397.92
10,3,15.6,15,74,8,16,53,5,2.3,48538.08
1,4,13.3,23,64,8,16,56,8,1.37,75604.32
10,2,12.5,13,88,16,29,47,5,1.3,87912.0
7,3,15.6,8,97,8,10,1,5,1.9,67612.32
3,3,15.6,8,29,4,35,40,5,1.89,13053.0672
7,3,17.3,8,8,4,26,7,5,2.71,23389.92
10,3,13.3,15,59,4,4,53,5,1.5,29250.72
7,3,13.3,8,97,8,16,53,5,1.49,58075.2
2,3,15.6,12,92,12,5,48,5,2.06,69210.72
10,4,14.0,20,89,64,29,47,5,1.17,89864.1792
4,4,13.3,15,106,8,16,61,5,1.21,87858.72
10,3,15.6,8,74,8,5,72,5,2.3,43636.32
7,0,13.3,11,106,16,12,61,5,1.29,130482.72
11,1,15.6,8,102,8,5,75,5,2.2,63882.72
7,3,15.6,8,89,8,16,47,5,1.96,36177.12
11,1,17.3,8,77,8,5,75,5,2.7,58341.6
10,3,15.6,0,56,8,16,67,4,2.2,26586.72
7,3,15.6,8,4,6,10,7,5,2.1,28185.12
4,3,15.6,0,54,4,10,47,2,2.18,23650.992
0,3,17.3,15,83,4,16,98,5,3.0,42890.4
2,0,12.5,8,50,8,35,46,1,1.2,61751.52
16,3,15.6,0,59,4,26,53,5,2.0,35644.32
10,3,25.6,15,83,8,18,35,5,2.1,60978.96
2,0,15.6,36,74,8,10,47,5,2.2,39373.92
0,3,15.6,8,11,8,16,17,5,2.23,24988.32
0,1,15.6,15,102,8,5,75,5,2.7,67132.8
10,3,15.6,8,68,8,16,47,5,2.3,55922.688
4,3,15.6,15,106,8,18,72,5,2.16,60223.9824
0,3,15.6,8,102,8,16,76,2,2.5,52161.12
4,3,14.0,8,56,4,4,47,5,1.6,39207.1536
10,3,15.6,15,92,8,10,89,5,2.6,47898.72
4,1,17.3,4,93,16,31,82,5,4.36,146946.24
2,4,15.6,8,106,16,18,98,5,1.5,67239.36
7,3,15.6,0,59,4,16,53,5,2.04,41025.0672
17,3,14.0,0,27,2,23,41,5,1.45,11231.424
11,1,15.6,8,77,8,16,75,5,2.2,53168.112
4,3,15.6,0,54,4,4,29,5,2.3,26586.72
10,3,15.6,8,54,4,10,47,4,2.2,24988.32
4,3,15.6,36,59,6,10,53,5,2.3,23389.92
2,3,15.6,0,34,4,26,40,5,2.2,19660.32
7,0,13.3,27,74,8,16,53,5,1.58,44574.048
10,1,15.6,15,102,4,10,75,5,2.4,53226.72
7,3,15.6,8,14,4,10,6,5,2.1,26053.92
10,3,14.0,8,68,8,16,47,7,1.65,78055.2
10,1,15.6,15,92,16,29,87,5,3.31,69530.4
2,3,14.0,8,97,8,16,53,5,2.0,58288.32
11,1,15.6,8,77,8,16,75,5,2.4,63882.72
10,3,15.6,0,56,8,22,67,4,2.2,24455.52
4,4,14.0,8,83,8,16,61,5,1.6,61218.72
7,3,13.3,15,74,8,16,53,5,1.34,63349.92
4,0,13.3,7,106,16,29,61,5,1.62,68145.12
2,3,15.6,0,74,4,16,53,5,2.0,31232.2032
10,3,17.3,2,97,6,5,72,5,2.8,45767.52
4,3,15.6,0,68,4,26,47,2,2.09,27899.0064
2,3,15.6,8,56,4,16,47,2,2.0,22111.2
10,0,13.3,13,74,8,16,53,5,1.37,74538.72
1,4,13.3,23,67,8,29,59,8,1.37,108691.2
4,4,13.3,8,83,8,16,61,5,1.2,77250.672
0,1,15.6,8,77,8,10,75,2,2.4,42517.44
7,3,15.6,0,56,4,26,47,4,1.86,19441.872
4,3,15.6,8,106,8,5,7,5,2.36,52161.12
7,3,15.6,15,92,6,10,89,5,2.18,42570.72
2,3,14.0,0,37,4,23,43,5,1.63,15930.72
11,1,15.6,8,102,16,18,80,5,2.94,120831.5808
10,3,17.3,2,74,6,5,85,5,2.8,38308.32
10,3,15.6,0,5,8,10,25,5,2.2,22857.12
15,4,13.3,7,97,8,16,53,5,1.31,85194.72
2,1,15.6,8,102,8,5,76,5,2.5,67399.2
10,4,12.5,9,68,8,9,47,5,1.3,58554.72
10,3,15.6,0,54,4,4,47,5,2.1,22857.12
10,0,11.3,13,53,8,16,46,5,1.1,69210.72
4,3,15.6,8,83,8,16,7,5,2.2,42486.0048
7,5,15.6,8,102,16,16,103,5,2.6,128884.32
4,4,13.3,11,83,8,4,61,5,1.21,85194.72
7,3,14.0,0,36,2,23,41,5,1.44,13266.72
10,3,14.0,15,68,8,16,47,5,1.9,57116.16
16,3,15.6,15,74,8,16,53,5,2.0,67026.24
10,3,15.6,0,54,8,10,47,5,2.2,24455.52
4,1,15.6,8,102,16,5,76,5,2.6,71874.72
0,3,15.6,0,56,4,4,47,5,2.1,23922.72
2,3,14.0,0,59,4,4,53,5,1.3,27119.52
10,3,15.6,0,37,4,26,43,5,2.2,22324.32
4,1,17.3,15,102,32,31,80,5,4.42,163723.5792
7,0,13.3,39,91,8,29,47,5,1.48,108744.48
4,3,15.6,0,78,4,26,53,2,1.93,46300.32
4,1,15.6,8,103,16,18,80,5,3.49,149916.6
2,1,17.3,15,93,64,12,92,5,3.58,211788.0
10,3,14.0,0,34,2,35,40,5,1.5,12201.12
10,3,14.0,8,74,8,9,53,5,1.7,72673.92
7,3,17.3,2,56,8,16,47,5,2.5,34093.872
10,0,14.0,30,68,8,16,47,5,1.36,87219.36
2,3,14.1,0,37,4,23,43,5,1.65,18541.44
2,1,17.3,8,26,16,18,37,5,3.2,82530.72
10,3,15.6,0,56,8,4,47,5,7.2,31381.92
4,0,13.3,7,89,8,16,47,5,1.62,42517.9728
2,3,15.6,0,34,4,26,40,5,2.2,19660.32
7,3,15.6,0,74,4,26,53,4,1.86,20986.992
11,1,17.3,8,102,16,18,79,5,2.8,100699.2
7,0,13.3,7,99,16,16,53,5,1.28,105228.0
10,3,15.6,15,92,8,10,89,5,2.6,47898.72
4,3,15.6,0,112,4,26,40,2,2.2,17262.72
4,4,13.3,8,106,8,16,61,5,1.2,84129.12
4,4,13.3,31,74,8,16,53,5,1.29,86526.72
7,4,13.3,19,47,16,29,46,5,1.16,104695.2
4,3,15.6,8,56,8,16,23,5,2.0,39373.92
16,3,15.6,15,89,8,16,68,5,2.2,55571.04
4,3,15.6,8,78,8,26,53,5,1.9,49816.8
4,4,12.5,0,58,4,4,47,7,1.5,62176.1616
10,0,13.9,11,106,16,29,61,5,1.4,111834.72
2,3,35.6,8,59,8,10,72,2,2.3,31808.16
2,3,15.6,0,89,4,26,65,5,2.2,38378.6496
10,0,13.9,13,106,8,29,61,5,1.37,98514.72
2,3,15.6,3,110,8,4,44,5,2.0,31003.632
0,3,15.6,0,14,6,10,17,5,2.1,21791.52
0,3,17.3,15,60,4,10,97,5,3.0,34898.4
0,3,15.6,0,56,4,4,47,2,2.1,21951.36
2,3,15.6,8,74,4,10,64,2,2.1,27652.32
0,3,15.6,0,113,4,10,44,2,2.1,15877.44
7,1,17.3,15,70,8,5,79,5,3.35,60153.12
2,3,15.6,8,74,4,16,53,2,2.0,29783.52
0,3,14.0,0,112,4,2,42,5,1.6,18594.72
2,0,12.5,7,49,4,35,46,1,1.2,35644.32
4,3,15.6,0,74,4,26,53,5,1.9,43956.0
0,3,15.6,0,37,4,10,43,5,2.1,18541.44
2,4,14.0,8,106,8,16,61,5,1.25,58554.72
7,3,15.6,0,10,8,4,16,5,1.91,23757.552
4,3,15.6,8,83,8,16,72,5,2.0,60885.72
7,2,11.6,0,36,2,23,41,5,1.17,11135.52
10,3,14.0,15,74,8,16,66,5,1.87,45664.6896
10,0,14.0,13,91,8,29,106,7,1.8,109244.2464
7,3,14.0,8,68,4,16,47,7,1.54,58607.4672
10,1,15.6,15,77,8,5,75,4,2.4,43103.52
10,3,15.6,8,74,4,10,53,5,1.9,29250.72
11,1,17.3,8,93,16,5,93,5,4.5,125154.72
4,3,15.6,0,74,8,4,53,5,1.95,43156.8
4,3,15.6,8,74,4,10,53,5,2.18,35004.96
2,3,15.6,0,37,4,10,43,5,2.0,18061.92
11,1,17.3,8,93,16,5,91,5,4.14,117162.72
11,1,17.3,8,102,8,16,76,5,2.7,71874.72
7,1,15.6,15,102,12,5,75,5,2.62,66546.72
17,3,14.0,15,37,4,23,43,5,1.3,13852.8
7,3,15.6,15,59,8,10,70,5,2.1,38148.48
1,4,12.0,22,44,8,28,46,3,0.92,68145.12
7,3,13.3,15,83,4,26,61,5,1.49,40173.12
2,2,11.6,0,37,4,35,43,6,1.2,18115.2
0,3,15.6,0,56,4,26,47,5,2.4,23976.0
2,3,15.6,0,59,4,10,53,5,2.37,21258.1872
2,3,15.6,0,14,4,10,22,5,1.68,24988.32
